frame_idx,video_time_ms,easyocr_pred,trocr_pred,same_pred,easyocr_latency_ms,trocr_latency_ms,latency_gap_ms_trocr_minus_easyocr,easyocr_score,trocr_score,easyocr_bbox,trocr_bbox
0,0.0,,MM,false,476.2079,1511.7034,1035.4955,0.0,0.8543357253074646,"[627, 608, 694, 657]","[627, 608, 694, 657]"
1,33.333333333333336,,MM,false,276.6419,887.0754,610.4335,0.0,0.8713577389717102,"[625, 606, 695, 658]","[625, 606, 695, 658]"
2,66.66666666666667,,MM,false,225.1070,950.4012,725.2942,0.0,0.8745968341827393,"[627, 604, 695, 655]","[627, 604, 695, 655]"
3,100.0,,MM,false,215.8792,879.4036,663.5244,0.0,0.8736220598220825,"[627, 603, 695, 655]","[627, 603, 695, 655]"
4,133.33333333333334,,MM,false,208.9162,882.2189,673.3027,0.0,0.8869615197181702,"[628, 605, 696, 654]","[628, 605, 696, 654]"
5,166.66666666666669,,ITEM,false,219.5592,1134.9253,915.3661,0.0,0.8739914894104004,"[628, 601, 697, 653]","[628, 601, 697, 653]"
6,200.0,,ITEM,false,195.1227,1064.5959,869.4732,0.0,0.8631220459938049,"[629, 600, 697, 652]","[629, 600, 697, 652]"
7,233.33333333333334,,MM,false,194.9223,973.2908,778.3685,0.0,0.8473616242408752,"[627, 601, 698, 652]","[627, 601, 698, 652]"
8,266.6666666666667,,RM,false,214.8537,906.6439,691.7902,0.0,0.8232595324516296,"[630, 602, 699, 649]","[630, 602, 699, 649]"
9,300.0,,MM,false,229.6140,896.8948,667.2808,0.0,0.8187544941902161,"[630, 601, 699, 649]","[630, 601, 699, 649]"
10,333.33333333333337,,RM,false,227.2670,901.3110,674.0440,0.0,0.8225480914115906,"[630, 600, 699, 648]","[630, 600, 699, 648]"
11,366.6666666666667,,ITEM,false,240.0005,1073.4546,833.4541,0.0,0.8355361819267273,"[628, 599, 700, 647]","[628, 599, 700, 647]"
12,400.0,,ITEM,false,397.6874,1079.8926,682.2052,0.0,0.8405382037162781,"[628, 599, 700, 647]","[628, 599, 700, 647]"
13,433.33333333333337,,ITEM,false,201.7341,1148.3956,946.6615,0.0,0.778704047203064,"[629, 599, 700, 645]","[629, 599, 700, 645]"
14,466.6666666666667,,ITEM,false,218.9039,1065.2322,846.3283,0.0,0.7859058976173401,"[631, 597, 702, 644]","[631, 597, 702, 644]"
15,500.0,,ITEM,false,206.2742,1159.1016,952.8274,0.0,0.7745556235313416,"[632, 597, 702, 644]","[632, 597, 702, 644]"
16,533.3333333333334,,TAX,false,223.6158,1498.3311,1274.7153,0.0,0.7425706386566162,"[633, 597, 703, 643]","[633, 597, 703, 643]"
17,566.6666666666666,,ITEM,false,220.2033,1346.5464,1126.3431,0.0,0.8042986989021301,"[630, 596, 704, 643]","[630, 596, 704, 643]"
18,600.0,,RM,false,220.6967,914.7834,694.0867,0.0,0.7991081476211548,"[631, 596, 704, 642]","[631, 596, 704, 642]"
19,633.3333333333334,,3,false,195.2672,948.4020,753.1348,0.0,0.7723643779754639,"[0, 729, 66, 831]","[0, 729, 66, 831]"
20,666.6666666666667,,8,false,190.9496,912.0624,721.1128,0.0,0.8694047927856445,"[1, 722, 83, 823]","[1, 722, 83, 823]"
21,700.0000000000001,,8,false,198.7745,1429.1106,1230.3361,0.0,0.9080744385719299,"[1, 717, 101, 819]","[1, 717, 101, 819]"
22,733.3333333333334,22,AM,false,295.6574,1317.4610,1021.8036,0.3263435568414492,0.9017650485038757,"[0, 713, 116, 813]","[0, 713, 116, 813]"
23,766.6666666666667,332,BB,false,439.4667,916.0635,476.5968,0.25235643432984306,0.9064845442771912,"[1, 708, 131, 808]","[1, 708, 131, 808]"
24,800.0,2622,BB,false,425.3144,1412.6771,987.3627,0.19906409521165064,0.9049960374832153,"[2, 704, 144, 802]","[2, 704, 144, 802]"
25,833.3333333333334,2522,BB,false,356.8473,972.1741,615.3268,0.344404011964798,0.9111859798431396,"[18, 702, 155, 798]","[18, 702, 155, 798]"
26,866.6666666666667,2323,BST,false,286.3042,1169.2958,882.9916,0.06354373286400954,0.9013678431510925,"[35, 700, 168, 795]","[35, 700, 168, 795]"
27,900.0,34523,GST,false,253.2428,1203.1733,949.9305,0.13566991373796758,0.9018675088882446,"[42, 699, 173, 793]","[42, 699, 173, 793]"
28,933.3333333333334,34522,6,false,353.2362,1224.4036,871.1674,0.36986698728245737,0.8998792767524719,"[62, 698, 189, 790]","[62, 698, 189, 790]"
29,966.6666666666666,87522,650,false,340.7149,1284.7828,944.0679,0.2776010492601271,0.9040675759315491,"[72, 696, 198, 788]","[72, 696, 198, 788]"
30,1000.0,82522,650,false,403.9620,1246.0536,842.0916,0.5891476022108781,0.9090127944946289,"[76, 695, 203, 788]","[76, 695, 203, 788]"
31,1033.3333333333335,82522,650,false,335.9858,1242.2466,906.2608,0.7762540776253871,0.9098638296127319,"[86, 695, 216, 785]","[86, 695, 216, 785]"
32,1066.6666666666667,82522,650,false,427.0206,1346.8922,919.8716,0.7984120123184878,0.9084581136703491,"[94, 692, 224, 784]","[94, 692, 224, 784]"
33,1100.0,87522,GST,false,311.8149,1215.5683,903.7534,0.5575308006296359,0.9149274826049805,"[97, 691, 228, 784]","[97, 691, 228, 784]"
34,1133.3333333333333,37522,658,false,459.2079,1211.5993,752.3914,0.5060788252945028,0.9082179665565491,"[108, 691, 235, 781]","[108, 691, 235, 781]"
35,1166.6666666666667,37522,658,false,345.4642,1283.4430,937.9788,0.40668141385974593,0.9013559818267822,"[110, 689, 240, 778]","[110, 689, 240, 778]"
36,1200.0,82522,658,false,342.5024,1286.5470,944.0446,0.220934103424711,0.8996365666389465,"[111, 688, 242, 778]","[111, 688, 242, 778]"
37,1233.3333333333335,832522,658,false,342.8718,1175.0565,832.1847,0.21619239131287654,0.9019246101379395,"[118, 689, 247, 777]","[118, 689, 247, 777]"
38,1266.6666666666667,02522,658,false,374.3862,1209.5689,835.1827,0.47437929756307434,0.9037374258041382,"[122, 688, 249, 775]","[122, 688, 249, 775]"
39,1300.0,87522,658,false,376.5782,1378.3050,1001.7268,0.30815974089538933,0.9057528972625732,"[123, 687, 250, 774]","[123, 687, 250, 774]"
40,1333.3333333333335,87522,625,false,353.2423,1268.0934,914.8511,0.32642175281266145,0.9065539836883545,"[125, 686, 252, 774]","[125, 686, 252, 774]"
41,1366.6666666666667,82522,2520,false,296.5277,1364.3601,1067.8324,0.4710415824061764,0.907805323600769,"[128, 687, 253, 774]","[128, 687, 253, 774]"
42,1400.0000000000002,82522,658,false,336.1570,1358.1435,1021.9865,0.5323211660390572,0.9112756848335266,"[128, 686, 253, 774]","[128, 686, 253, 774]"
43,1433.3333333333333,1F,625,false,409.9246,1175.9364,766.0118,0.25073855536525674,0.914757490158081,"[129, 686, 254, 773]","[129, 686, 254, 773]"
44,1466.6666666666667,82522,658,false,340.5528,1285.3428,944.7900,0.6321193886103701,0.9208797812461853,"[130, 687, 256, 773]","[130, 687, 256, 773]"
45,1500.0,82522,2550,false,342.3066,1353.1073,1010.8007,0.7089450028179825,0.9221130609512329,"[131, 687, 256, 773]","[131, 687, 256, 773]"
46,1533.3333333333335,62522,2550,false,298.2008,1325.3136,1027.1128,0.5709128613430466,0.9264015555381775,"[132, 687, 258, 773]","[132, 687, 258, 773]"
47,1566.6666666666667,82522,625,false,291.0767,1174.5447,883.4680,0.4844032192921718,0.9230755567550659,"[134, 688, 259, 773]","[134, 688, 259, 773]"
48,1600.0,82522,67528,false,427.8418,1210.7117,782.8699,0.7911513564267314,0.9208402633666992,"[134, 688, 260, 773]","[134, 688, 260, 773]"
49,1633.3333333333333,82522,2550,false,362.4516,1429.3219,1066.8703,0.5229022126010004,0.9011492133140564,"[136, 687, 261, 772]","[136, 687, 261, 772]"
50,1666.6666666666667,82522,2550,false,336.6411,1611.3459,1274.7048,0.36176819285598166,0.9004898071289062,"[139, 685, 264, 771]","[139, 685, 264, 771]"
51,1700.0000000000002,12522,658,false,432.0496,1505.8072,1073.7576,0.4314640878985448,0.8991739749908447,"[141, 685, 265, 770]","[141, 685, 265, 770]"
52,1733.3333333333335,02522,658,false,469.5096,1214.0097,744.5001,0.44719215750680585,0.8997272849082947,"[142, 685, 266, 771]","[142, 685, 266, 771]"
53,1766.6666666666667,82522,2525,false,376.6724,1495.6205,1118.9481,0.6237798818142624,0.8934800624847412,"[144, 684, 268, 770]","[144, 684, 268, 770]"
54,1800.0,82522,2550,false,384.1727,1353.9553,969.7826,0.49053085544533664,0.8934506177902222,"[145, 684, 269, 770]","[145, 684, 269, 770]"
55,1833.3333333333335,82522,67525,false,390.1860,1372.3532,982.1672,0.45202346283153994,0.8950998187065125,"[145, 684, 270, 771]","[145, 684, 270, 771]"
56,1866.6666666666667,12522,2525,false,383.1713,1406.2448,1023.0735,0.6009925277510695,0.8983937501907349,"[149, 684, 272, 770]","[149, 684, 272, 770]"
57,1900.0000000000002,62522,2525,false,465.3697,1755.2724,1289.9027,0.8419632996689268,0.8988146185874939,"[150, 684, 273, 769]","[150, 684, 273, 769]"
58,1933.3333333333333,02522,67525,false,363.5414,1499.6082,1136.0668,0.45504621050537325,0.8959298133850098,"[150, 683, 273, 769]","[150, 683, 273, 769]"
59,1966.6666666666667,82522,2525,false,367.4960,1496.3196,1128.8236,0.50915473483667,0.89933180809021,"[152, 685, 273, 768]","[152, 685, 273, 768]"
60,2000.0,82522,2525,false,354.9326,1451.9292,1096.9966,0.4111672984366833,0.8992772102355957,"[153, 685, 274, 768]","[153, 685, 274, 768]"
61,2033.3333333333333,82522,67525,false,319.0655,1262.4644,943.3989,0.5298676390804992,0.8984059691429138,"[154, 684, 275, 768]","[154, 684, 275, 768]"
62,2066.666666666667,82522,625,false,412.9233,1357.3751,944.4518,0.5416215127434295,0.8971565961837769,"[157, 684, 276, 767]","[157, 684, 276, 767]"
63,2100.0,02522,625,false,397.5480,1466.6498,1069.1018,0.25805468283663935,0.8914462327957153,"[159, 684, 277, 767]","[159, 684, 277, 767]"
64,2133.3333333333335,1F,625,false,348.9428,1689.8222,1340.8794,0.4859858381788588,0.8897537589073181,"[159, 685, 278, 767]","[159, 685, 278, 767]"
65,2166.666666666667,02522,625,false,350.6121,1666.2041,1315.5920,0.31596038761222717,0.8891311287879944,"[160, 685, 279, 766]","[160, 685, 279, 766]"
66,2200.0,82522,67525,false,376.4373,1341.1737,964.7364,0.7529002882597072,0.8924108147621155,"[160, 684, 279, 767]","[160, 684, 279, 767]"
67,2233.3333333333335,82522,67529,false,348.1988,1541.5232,1193.3244,0.6562784265834783,0.8924582600593567,"[162, 685, 281, 766]","[162, 685, 281, 766]"
68,2266.6666666666665,82522,67529,false,415.9994,1308.8220,892.8226,0.3831119343384468,0.8949973583221436,"[163, 685, 281, 765]","[163, 685, 281, 765]"
69,2300.0000000000005,1F,12529,false,371.8419,1251.1625,879.3206,0.6686264850202376,0.8952565789222717,"[163, 684, 281, 766]","[163, 684, 281, 766]"
70,2333.3333333333335,R252Z,12528,false,525.8593,1738.4828,1212.6235,0.1733613299483886,0.9012943506240845,"[164, 684, 282, 764]","[164, 684, 282, 764]"
71,2366.6666666666665,1FA,12528,false,342.6769,1622.4594,1279.7825,0.2513503432273865,0.9094948768615723,"[165, 683, 283, 763]","[165, 683, 283, 763]"
72,2400.0,0252Z,12529,false,330.9645,1337.0306,1006.0661,0.15982110097990776,0.8965387344360352,"[166, 682, 285, 763]","[166, 682, 285, 763]"
73,2433.3333333333335,R252Z,12528,false,346.4974,1662.3138,1315.8164,0.2592033866908034,0.894405722618103,"[167, 681, 286, 762]","[167, 681, 286, 762]"
74,2466.666666666667,82522,12523,false,449.4339,1626.8670,1177.4331,0.3274668111935094,0.893547534942627,"[169, 679, 288, 760]","[169, 679, 288, 760]"
75,2500.0,82522,12528,false,430.1475,1517.4310,1087.2835,0.6379175488948566,0.8955371975898743,"[170, 680, 289, 760]","[170, 680, 289, 760]"
76,2533.3333333333335,B2522,625,false,336.0749,1178.2164,842.1415,0.29051015005362624,0.9055258631706238,"[177, 678, 291, 757]","[177, 678, 291, 757]"
77,2566.666666666667,B522,2525,false,343.6229,1341.6746,998.0517,0.4775428771972656,0.9077854752540588,"[177, 678, 293, 757]","[177, 678, 293, 757]"
78,2600.0,B2522,625,false,361.8876,1226.2153,864.3277,0.5689961142678462,0.9078672528266907,"[179, 678, 293, 756]","[179, 678, 293, 756]"
79,2633.3333333333335,B2522,625,false,402.0435,1168.5723,766.5288,0.38373157773992844,0.8994894623756409,"[182, 677, 296, 755]","[182, 677, 296, 755]"
80,2666.666666666667,02522,12525,false,345.9048,1209.4198,863.5150,0.4743638699059834,0.8917310237884521,"[186, 677, 298, 754]","[186, 677, 298, 754]"
81,2700.0,02522,625,false,444.5180,1621.7217,1177.2037,0.4729982874290502,0.9066320657730103,"[185, 676, 299, 754]","[185, 676, 299, 754]"
82,2733.3333333333335,02522,67525,false,410.8892,1254.9229,844.0337,0.6049977922736299,0.9133749604225159,"[186, 676, 300, 753]","[186, 676, 300, 753]"
83,2766.6666666666665,B2522,625,false,547.5933,1226.3875,678.7942,0.3740276353241356,0.8960699439048767,"[190, 674, 304, 752]","[190, 674, 304, 752]"
84,2800.0000000000005,02522,67525,false,460.3008,1291.0544,830.7536,0.4909919828475052,0.8880795836448669,"[192, 674, 305, 751]","[192, 674, 305, 751]"
85,2833.3333333333335,B7522,67525,false,418.2714,1328.7905,910.5191,0.5206597333614914,0.8850329518318176,"[192, 673, 307, 750]","[192, 673, 307, 750]"
86,2866.6666666666665,02522,825,false,366.0947,1306.9129,940.8182,0.5241684078280089,0.9042428135871887,"[197, 671, 309, 747]","[197, 671, 309, 747]"
87,2900.0000000000005,82522,625,false,366.9940,1334.2695,967.2755,0.7365115738250984,0.9069113731384277,"[199, 669, 310, 747]","[199, 669, 310, 747]"
88,2933.3333333333335,02522,67550,false,475.0578,1219.8331,744.7753,0.47089209817835237,0.9109973907470703,"[200, 669, 312, 746]","[200, 669, 312, 746]"
89,2966.666666666667,02522,625,false,368.5228,1154.1607,785.6379,0.7635529591793969,0.9241166710853577,"[202, 668, 314, 745]","[202, 668, 314, 745]"
90,3000.0,32522,625,false,474.0116,1350.8714,876.8598,0.39491992371865126,0.9177590608596802,"[203, 668, 314, 744]","[203, 668, 314, 744]"
91,3033.3333333333335,82522,625,false,390.6217,1483.4959,1092.8742,0.6398409375281909,0.9121074080467224,"[204, 668, 316, 744]","[204, 668, 316, 744]"
92,3066.666666666667,182522,2529,false,372.9643,1494.6221,1121.6578,0.5335718872446288,0.8923781514167786,"[205, 667, 318, 742]","[205, 667, 318, 742]"
93,3100.0,182522,82823,false,447.8174,1681.4004,1233.5830,0.6938365439957491,0.8835383057594299,"[205, 666, 321, 741]","[205, 666, 321, 741]"
94,3133.3333333333335,82522,6,false,368.3411,1057.6702,689.3291,0.44970414524227165,0.8791759610176086,"[204, 665, 323, 741]","[204, 665, 323, 741]"
95,3166.666666666667,82522,625,false,406.0256,1534.8413,1128.8157,0.4820368024392975,0.8769772052764893,"[205, 664, 325, 739]","[205, 664, 325, 739]"
96,3200.0,82522,625,false,374.4759,1338.3945,963.9186,0.3480736546895468,0.8821058869361877,"[211, 663, 326, 739]","[211, 663, 326, 739]"
97,3233.3333333333335,82522,625,false,406.1993,1407.3323,1001.1330,0.5635666277178618,0.8710538148880005,"[212, 664, 327, 738]","[212, 664, 327, 738]"
98,3266.6666666666665,82522,67523,false,433.4031,1325.4406,892.0375,0.877734899520874,0.877734899520874,"[214, 663, 330, 737]","[214, 663, 330, 737]"
99,3300.0000000000005,82522,2522,false,502.9895,1492.3146,989.3251,0.5636481451597584,0.8890587687492371,"[220, 664, 331, 738]","[220, 664, 331, 738]"
100,3333.3333333333335,82522,2522,false,488.8237,1439.3295,950.5058,0.7881643736341607,0.8925781846046448,"[221, 664, 334, 737]","[221, 664, 334, 737]"
101,3366.6666666666665,02522,62822,false,405.8426,1429.5197,1023.6771,0.8082453268208586,0.8851452469825745,"[223, 663, 335, 735]","[223, 663, 335, 735]"
102,3400.0000000000005,02522,67522,false,425.5425,1241.7776,816.2351,0.5471834789378468,0.8853641152381897,"[224, 662, 336, 735]","[224, 662, 336, 735]"
103,3433.3333333333335,02522,67522,false,404.9721,1382.5929,977.6208,0.5168314160732922,0.8909711241722107,"[225, 662, 336, 735]","[225, 662, 336, 735]"
104,3466.666666666667,78FA,82822,false,389.5461,1398.0838,1008.5377,0.5481856658658083,0.8926820158958435,"[225, 662, 337, 734]","[225, 662, 337, 734]"
105,3500.0,82522,67522,false,391.8624,1331.2244,939.3620,0.4946654584593873,0.8937910795211792,"[225, 662, 337, 735]","[225, 662, 337, 735]"
106,3533.3333333333335,82522,67525,false,438.9203,1284.3313,845.4110,0.515678577252422,0.8927977681159973,"[225, 662, 337, 735]","[225, 662, 337, 735]"
107,3566.666666666667,82522,67522,false,646.9668,1316.3073,669.3405,0.6963317909977671,0.8904622197151184,"[225, 662, 336, 735]","[225, 662, 336, 735]"
108,3600.0,02522,67522,false,517.7666,1292.0332,774.2666,0.7034988528971139,0.8926236033439636,"[225, 662, 336, 735]","[225, 662, 336, 735]"
109,3633.3333333333335,02522,67522,false,434.2461,1625.5067,1191.2606,0.4733483028034218,0.8962812423706055,"[223, 663, 335, 736]","[223, 663, 335, 736]"
110,3666.666666666667,02522,67523,false,439.9663,1360.1193,920.1530,0.5822426583659283,0.8951191306114197,"[223, 663, 334, 736]","[223, 663, 334, 736]"
111,3700.0,02522,82823,false,573.1498,1527.8106,954.6608,0.8835456583556713,0.8981652855873108,"[223, 663, 334, 736]","[223, 663, 334, 736]"
112,3733.3333333333335,02522,67523,false,655.0249,1280.6568,625.6319,0.5159993403124331,0.8983680009841919,"[223, 663, 334, 737]","[223, 663, 334, 737]"
113,3766.666666666667,02522,67523,false,556.8840,1454.9384,898.0544,0.6729974860266771,0.9007647037506104,"[223, 664, 334, 737]","[223, 664, 334, 737]"
114,3800.0000000000005,78FA,82823,false,487.2792,1606.7203,1119.4411,0.7079780239382851,0.8999646306037903,"[223, 664, 334, 738]","[223, 664, 334, 738]"
115,3833.3333333333335,02522,82823,false,524.9952,1411.0992,886.1040,0.5489652469857855,0.9002100229263306,"[223, 664, 334, 737]","[223, 664, 334, 737]"
116,3866.6666666666665,82522,82823,false,413.2711,1379.2032,965.9321,0.42555488456162327,0.8981766700744629,"[223, 664, 334, 737]","[223, 664, 334, 737]"
117,3900.0000000000005,82522,2825,false,419.4062,1676.8356,1257.4294,0.5552814093042262,0.898318350315094,"[223, 664, 334, 737]","[223, 664, 334, 737]"
118,3933.3333333333335,82522,2525,false,394.7886,1433.0482,1038.2596,0.6736922450644363,0.8959307074546814,"[222, 665, 334, 738]","[222, 665, 334, 738]"
119,3966.666666666667,82522,2525,false,421.6770,1372.7920,951.1150,0.7063105599841429,0.8967297077178955,"[223, 665, 334, 738]","[223, 665, 334, 738]"
120,4000.0,82522,2529,false,378.2589,1734.3298,1356.0709,0.4294292126808673,0.8955593705177307,"[223, 665, 335, 738]","[223, 665, 335, 738]"
121,4033.333333333333,82522,6,false,360.3095,1257.9478,897.6383,0.5242387700634346,0.8969210982322693,"[223, 665, 335, 738]","[223, 665, 335, 738]"
122,4066.6666666666665,78FA,6,false,386.8803,1218.7074,831.8271,0.4921369872123505,0.8962591886520386,"[223, 665, 335, 738]","[223, 665, 335, 738]"
123,4100.000000000001,182522,6,false,383.7398,1138.5019,754.7621,0.4193501778568429,0.8986864686012268,"[224, 665, 335, 738]","[224, 665, 335, 738]"
124,4133.333333333334,02522,625,false,516.4873,1366.0505,849.5632,0.7141777553061869,0.900052011013031,"[223, 665, 335, 739]","[223, 665, 335, 739]"
125,4166.666666666667,82522,625,false,439.4568,1439.9203,1000.4635,0.4993694051553997,0.8992843627929688,"[224, 665, 335, 738]","[224, 665, 335, 738]"
126,4200.0,82522,625,false,451.1603,1291.5879,840.4276,0.49955298738679527,0.8994844555854797,"[224, 665, 335, 738]","[224, 665, 335, 738]"
127,4233.333333333333,82522,625,false,398.7365,1307.4944,908.7579,0.4199461910846879,0.9064256548881531,"[224, 666, 335, 739]","[224, 666, 335, 739]"
128,4266.666666666667,82522,82822,false,433.7324,1476.1433,1042.4109,0.5165690331343378,0.9059614539146423,"[224, 666, 336, 738]","[224, 666, 336, 738]"
129,4300.0,B2522,2822,false,378.5472,1436.7290,1058.1818,0.42924887635163667,0.90422123670578,"[224, 666, 336, 739]","[224, 666, 336, 739]"
130,4333.333333333334,02522,2522,false,381.7158,1527.0483,1145.3325,0.26154251647162124,0.9050933718681335,"[225, 666, 337, 739]","[225, 666, 337, 739]"
131,4366.666666666667,02522,82823,false,359.4118,1490.9885,1131.5767,0.33356799946378946,0.9023662805557251,"[224, 666, 337, 739]","[224, 666, 337, 739]"
132,4400.0,02522,82823,false,436.3184,1437.3014,1000.9830,0.2996203392745642,0.8996147513389587,"[224, 666, 337, 739]","[224, 666, 337, 739]"
133,4433.333333333334,82522,625,false,506.0522,1289.1621,783.1099,0.36684734052651724,0.8997313976287842,"[223, 667, 338, 740]","[223, 667, 338, 740]"
134,4466.666666666667,02522,2529,false,400.6613,1545.6678,1145.0065,0.25961023134305145,0.8971607089042664,"[223, 667, 339, 740]","[223, 667, 339, 740]"
135,4500.0,02522,2529,false,468.9688,1457.7231,988.7543,0.7599642161266881,0.8940508961677551,"[223, 667, 339, 740]","[223, 667, 339, 740]"
136,4533.333333333333,82522,2529,false,485.5584,1524.2802,1038.7218,0.28377342074456124,0.893872857093811,"[224, 667, 339, 740]","[224, 667, 339, 740]"
137,4566.666666666667,02522,2529,false,450.9961,1444.5934,993.5973,0.22809645089680358,0.9013965129852295,"[226, 668, 339, 740]","[226, 668, 339, 740]"
138,4600.000000000001,02522,2529,false,450.9674,1413.7072,962.7398,0.5251787787422291,0.9058755040168762,"[226, 668, 339, 741]","[226, 668, 339, 741]"
139,4633.333333333334,T8FA,2529,false,425.3491,1440.2015,1014.8524,0.26985955238342285,0.9069913625717163,"[227, 669, 339, 741]","[227, 669, 339, 741]"
140,4666.666666666667,82522,2529,false,517.0489,1407.1906,890.1417,0.270683587110364,0.9100648164749146,"[227, 669, 339, 741]","[227, 669, 339, 741]"
141,4700.0,02522,82823,false,445.4559,1392.5449,947.0890,0.3367256569843553,0.9110965132713318,"[228, 670, 339, 742]","[228, 670, 339, 742]"
142,4733.333333333333,02522,62823,false,469.9479,1384.1256,914.1777,0.41912951253885794,0.9066020250320435,"[228, 670, 339, 742]","[228, 670, 339, 742]"
143,4766.666666666667,02522,2823,false,407.2959,1367.7046,960.4087,0.5283816486772059,0.8996055722236633,"[228, 670, 339, 742]","[228, 670, 339, 742]"
144,4800.0,02522,62823,false,354.4402,1303.9360,949.4958,0.5674502671054028,0.8995001316070557,"[229, 671, 340, 742]","[229, 671, 340, 742]"
145,4833.333333333334,02522,2822,false,519.9426,1405.2615,885.3189,0.5090102998161917,0.9008577466011047,"[229, 671, 341, 742]","[229, 671, 341, 742]"
146,4866.666666666667,02522,2522,false,562.8346,1400.7015,837.8669,0.8894419519890602,0.9031562209129333,"[230, 671, 342, 742]","[230, 671, 342, 742]"
147,4900.0,02522,2822,false,422.5907,1368.7993,946.2086,0.5136773597585195,0.904937744140625,"[230, 671, 342, 742]","[230, 671, 342, 742]"
148,4933.333333333334,02522,2525,false,403.8006,1442.8660,1039.0654,0.5948638528691937,0.9057413935661316,"[232, 670, 344, 742]","[232, 670, 344, 742]"
149,4966.666666666667,02522,2822,false,454.5340,1595.3328,1140.7988,0.7444766305676773,0.9131143689155579,"[232, 671, 344, 743]","[232, 671, 344, 743]"
150,5000.0,82522,67522,false,482.7611,1252.0366,769.2755,0.8310575033246588,0.9096406698226929,"[234, 671, 344, 744]","[234, 671, 344, 744]"
151,5033.333333333333,82522,2522,false,405.7060,1668.0197,1262.3137,0.9077117443084717,0.9077117443084717,"[235, 671, 345, 744]","[235, 671, 345, 744]"
152,5066.666666666667,18F,2522,false,530.3236,1557.1416,1026.8180,0.7757482528686523,0.9089624285697937,"[236, 671, 346, 744]","[236, 671, 346, 744]"
153,5100.000000000001,02522,2522,false,668.0640,1764.8042,1096.7402,0.6924691327302598,0.9075780510902405,"[237, 672, 347, 743]","[237, 672, 347, 743]"
154,5133.333333333334,02522,2522,false,523.4114,1681.4411,1158.0297,0.5799626499741368,0.8912177085876465,"[239, 672, 348, 743]","[239, 672, 348, 743]"
155,5166.666666666667,18FA,2522,false,448.9754,1407.5859,958.6105,0.4255663835092972,0.8902646899223328,"[240, 672, 350, 743]","[240, 672, 350, 743]"
156,5200.0,18FA,62823,false,398.5917,1240.0998,841.5081,0.6130327934190469,0.8806685209274292,"[241, 672, 352, 742]","[241, 672, 352, 742]"
157,5233.333333333333,02522,2522,false,389.0649,1446.5392,1057.4743,0.6226340973711244,0.8772926330566406,"[244, 671, 355, 741]","[244, 671, 355, 741]"
158,5266.666666666667,02522,67522,false,375.3476,1276.5515,901.2039,0.42723970114840243,0.890583872795105,"[247, 672, 356, 741]","[247, 672, 356, 741]"
159,5300.0,82522,67522,false,407.7877,1640.5167,1232.7290,0.5252206966886496,0.8971108198165894,"[248, 671, 357, 741]","[248, 671, 357, 741]"
160,5333.333333333334,82522,622824,false,613.1318,2385.3763,1772.2445,0.6823604248415196,0.9026047587394714,"[251, 672, 360, 740]","[251, 672, 360, 740]"
161,5366.666666666667,82522,2825,false,472.0184,1422.6412,950.6228,0.5063588210489223,0.9070485234260559,"[257, 672, 361, 741]","[257, 672, 361, 741]"
162,5400.0,82522,2525,false,440.1615,1431.1660,991.0045,0.864742427329369,0.9038168787956238,"[260, 672, 361, 741]","[260, 672, 361, 741]"
163,5433.333333333334,82522,2525,false,472.1016,1558.4239,1086.3223,0.5993144381420114,0.9072737693786621,"[260, 672, 362, 742]","[260, 672, 362, 742]"
164,5466.666666666667,82522,2522,false,457.0513,1534.9666,1077.9153,0.8673539550880759,0.8955553770065308,"[261, 672, 364, 740]","[261, 672, 364, 740]"
165,5500.0,82522,825,false,334.9724,1534.6096,1199.6372,0.5977880718666967,0.895932137966156,"[262, 672, 364, 740]","[262, 672, 364, 740]"
166,5533.333333333333,82522,82822,false,319.8154,1682.4578,1362.6424,0.5976533216976178,0.8991670608520508,"[263, 672, 367, 739]","[263, 672, 367, 739]"
167,5566.666666666667,78FA,2522,false,357.0291,1715.5840,1358.5549,0.5194112598499754,0.8856254816055298,"[264, 672, 372, 740]","[264, 672, 372, 740]"
168,5600.000000000001,92522,2522,false,338.8893,1405.6844,1066.7951,0.7414059523451422,0.8817318081855774,"[265, 672, 373, 740]","[265, 672, 373, 740]"
169,5633.333333333334,82522,2522,false,349.0960,1392.9336,1043.8376,0.39809960452886456,0.8903376460075378,"[268, 672, 375, 739]","[268, 672, 375, 739]"
170,5666.666666666667,82522,2522,false,359.2455,1367.6510,1008.4055,0.48123088019314997,0.8763323426246643,"[272, 672, 377, 739]","[272, 672, 377, 739]"
171,5700.0,82522,2822,false,346.4706,1408.8784,1062.4078,0.3660711841714786,0.865813672542572,"[273, 671, 378, 738]","[273, 671, 378, 738]"
172,5733.333333333333,02522,2522,false,331.1751,1548.1128,1216.9377,0.3862410186105374,0.8694276809692383,"[278, 671, 382, 737]","[278, 671, 382, 737]"
173,5766.666666666667,192522,2522,false,406.8619,2192.5143,1785.6524,0.27620861562948334,0.8913095593452454,"[282, 671, 387, 737]","[282, 671, 387, 737]"
174,5800.000000000001,92522,2522,false,332.2187,1629.7646,1297.5459,0.5535758569909567,0.885615348815918,"[283, 670, 388, 736]","[283, 670, 388, 736]"
175,5833.333333333334,92522,82822,false,352.1034,1592.6802,1240.5768,0.41892758016695836,0.8947431445121765,"[286, 670, 392, 736]","[286, 670, 392, 736]"
176,5866.666666666667,92522,2522,false,361.0580,1759.1851,1398.1271,0.7457889576472123,0.8888941407203674,"[289, 670, 395, 736]","[289, 670, 395, 736]"
177,5900.0,92522,2522,false,427.5403,1541.6264,1114.0861,0.5163152509808018,0.9001559019088745,"[294, 669, 398, 735]","[294, 669, 398, 735]"
178,5933.333333333334,92522,2522,false,426.0492,1548.2166,1122.1674,0.8161094951850028,0.8995160460472107,"[301, 669, 402, 735]","[301, 669, 402, 735]"
179,5966.666666666667,92522,2522,false,360.0226,1514.9192,1154.8966,0.6358611241860431,0.8845865726470947,"[307, 667, 407, 734]","[307, 667, 407, 734]"
180,6000.0,82522,825,false,354.3084,1321.1117,966.8033,0.7264277924121852,0.8827201724052429,"[310, 669, 410, 734]","[310, 669, 410, 734]"
181,6033.333333333333,82522,825,false,347.8550,1347.9278,1000.0728,0.6920479332775504,0.889941930770874,"[314, 668, 412, 734]","[314, 668, 412, 734]"
182,6066.666666666667,82522,2520,false,482.4519,1357.5756,875.1237,0.7069225288171141,0.882419764995575,"[315, 669, 418, 734]","[315, 669, 418, 734]"
183,6100.000000000001,82522,825,false,374.0631,1258.7982,884.7351,0.8871837258338928,0.8871837258338928,"[324, 667, 422, 734]","[324, 667, 422, 734]"
184,6133.333333333334,92522,825,false,398.2274,1318.0702,919.8428,0.3276328091103712,0.8894343972206116,"[326, 669, 426, 733]","[326, 669, 426, 733]"
185,6166.666666666667,18F,825,false,396.0094,1396.6975,1000.6881,0.4797609746456146,0.8908512592315674,"[330, 668, 429, 731]","[330, 668, 429, 731]"
186,6200.0,82522,825,false,423.8781,1229.0013,805.1232,0.570949033371515,0.888909637928009,"[332, 668, 432, 732]","[332, 668, 432, 732]"
187,6233.333333333333,82522,87522,false,431.0092,1332.8726,901.8634,0.5967160158784677,0.9111895561218262,"[340, 667, 437, 730]","[340, 667, 437, 730]"
188,6266.666666666667,82522,825,false,391.5892,1191.8542,800.2650,0.8915045857429504,0.8915045857429504,"[343, 666, 441, 729]","[343, 666, 441, 729]"
189,6300.000000000001,82522,825,false,357.5481,1185.2547,827.7066,0.5523388239021922,0.8900781869888306,"[346, 666, 442, 728]","[346, 666, 442, 728]"
190,6333.333333333334,82522,825,false,370.9740,1147.4820,776.5080,0.5204403585817613,0.9005255699157715,"[350, 665, 447, 726]","[350, 665, 447, 726]"
191,6366.666666666667,82522,825,false,371.1706,1186.7033,815.5327,0.620628074738578,0.9156716465950012,"[353, 664, 450, 727]","[353, 664, 450, 727]"
192,6400.0,02522,825,false,357.6388,1334.5764,976.9376,0.7483113081810341,0.919818639755249,"[356, 664, 452, 728]","[356, 664, 452, 728]"
193,6433.333333333334,78F,82822,false,365.6158,1535.9051,1170.2893,0.5979787665219012,0.890440046787262,"[359, 663, 457, 727]","[359, 663, 457, 727]"
194,6466.666666666667,82522,825,false,386.8060,1317.2188,930.4128,0.5464484743467058,0.9016608595848083,"[363, 664, 459, 726]","[363, 664, 459, 726]"
195,6500.0,78F,825,false,372.5975,1215.1263,842.5288,0.5735899200131334,0.9012351036071777,"[363, 664, 460, 726]","[363, 664, 460, 726]"
196,6533.333333333333,02522,2525,false,366.4787,1472.2490,1105.7703,0.6544695085275267,0.9095731973648071,"[368, 664, 464, 727]","[368, 664, 464, 727]"
197,6566.666666666667,78F,2525,false,358.3159,1377.3727,1019.0568,0.886094868183136,0.9067083597183228,"[373, 664, 466, 728]","[373, 664, 466, 728]"
198,6600.000000000001,92522,2525,false,423.6822,1303.7481,880.0659,0.6122163356382054,0.9039554595947266,"[375, 665, 467, 728]","[375, 665, 467, 728]"
199,6633.333333333334,82522,2525,false,387.4216,1448.1957,1060.7741,0.5586032432340241,0.888209342956543,"[375, 665, 470, 729]","[375, 665, 470, 729]"
200,6666.666666666667,82522,825,false,371.1507,1276.7119,905.5612,0.5481903016723878,0.8795478940010071,"[377, 666, 473, 729]","[377, 666, 473, 729]"
201,6700.0,82522,2525,false,355.6020,1568.0664,1212.4644,0.6390473715791996,0.8884939551353455,"[382, 666, 474, 729]","[382, 666, 474, 729]"
202,6733.333333333333,82522,2525,false,467.7504,1442.8277,975.0773,0.9001235961914062,0.9001235961914062,"[382, 665, 476, 729]","[382, 665, 476, 729]"
203,6766.666666666667,82522,2525,false,439.2035,1440.1125,1000.9090,0.868216797874935,0.8731945753097534,"[380, 666, 478, 730]","[380, 666, 478, 730]"
204,6800.000000000001,78FA,2525,false,388.6799,1638.1656,1249.4857,0.6075797859078856,0.8738782405853271,"[381, 665, 479, 731]","[381, 665, 479, 731]"
205,6833.333333333334,82522,825,false,393.1693,1330.7507,937.5814,0.48121513192568877,0.8820717930793762,"[386, 669, 481, 731]","[386, 669, 481, 731]"
206,6866.666666666667,82522,2525,false,441.4627,1549.4831,1108.0204,0.7520526349583928,0.8773824572563171,"[390, 668, 483, 732]","[390, 668, 483, 732]"
207,6900.0,82522,2525,false,407.0861,1647.0678,1239.9817,0.6365069865932838,0.8682419061660767,"[391, 668, 485, 733]","[391, 668, 485, 733]"
208,6933.333333333334,82522,825,false,360.6022,1326.2658,965.6636,0.5148739344147306,0.8727961778640747,"[392, 669, 486, 734]","[392, 669, 486, 734]"
209,6966.666666666667,82522,82825,false,355.9273,1978.8020,1622.8747,0.4875456443946363,0.8707038164138794,"[393, 671, 489, 733]","[393, 671, 489, 733]"
210,7000.0,82522,8282,false,370.7379,2955.4012,2584.6633,0.4051996027391602,0.868455708026886,"[395, 672, 489, 733]","[395, 672, 489, 733]"
211,7033.333333333334,02522,825,false,364.9879,1639.0368,1274.0489,0.3288842207457959,0.8701874613761902,"[395, 672, 490, 733]","[395, 672, 490, 733]"
212,7066.666666666667,92522,825,false,439.7278,1544.1571,1104.4293,0.7163459140451409,0.8651631474494934,"[397, 671, 491, 732]","[397, 671, 491, 732]"
213,7100.000000000001,82522,825,false,381.3777,1471.7932,1090.4155,0.7129533443116571,0.8804233074188232,"[401, 671, 492, 732]","[401, 671, 492, 732]"
214,7133.333333333334,12522,825,false,372.5657,1606.8125,1234.2468,0.4170148744949932,0.8924375772476196,"[403, 672, 494, 732]","[403, 672, 494, 732]"
215,7166.666666666667,82522,825,false,391.9527,2080.3383,1688.3856,0.4116559118940066,0.8757340908050537,"[405, 671, 497, 730]","[405, 671, 497, 730]"
216,7200.0,78FA,825,false,411.6346,1598.4730,1186.8384,0.7541528447377808,0.8765699863433838,"[405, 670, 498, 730]","[405, 670, 498, 730]"
217,7233.333333333333,82522,825,false,821.2624,1861.8590,1040.5966,0.2980519179839396,0.8715290427207947,"[406, 670, 498, 731]","[406, 670, 498, 731]"
218,7266.666666666667,92522,825,false,486.8607,1830.3609,1343.5002,0.3810418267441028,0.822530210018158,"[408, 671, 499, 730]","[408, 671, 499, 730]"
219,7300.000000000001,9252,825,false,535.5238,1649.7082,1114.1844,0.8310762047767639,0.8310762047767639,"[410, 671, 501, 728]","[410, 671, 501, 728]"
220,7333.333333333334,92522,825,false,423.0583,1450.5644,1027.5061,0.8305840828077926,0.8345248699188232,"[412, 671, 503, 728]","[412, 671, 503, 728]"
221,7366.666666666667,92522,825,false,461.7753,1416.5230,954.7477,0.537154550594622,0.8425939679145813,"[414, 672, 504, 727]","[414, 672, 504, 727]"
222,7400.0,82522,825ZRL,false,572.7762,2006.7813,1434.0051,0.6392008069277407,0.8762202858924866,"[417, 671, 504, 727]","[417, 671, 504, 727]"
223,7433.333333333334,92522,825,false,468.0885,1754.8498,1286.7613,0.7099952032882039,0.887930154800415,"[419, 671, 505, 727]","[419, 671, 505, 727]"
224,7466.666666666667,82522,2520,false,378.1409,1731.2424,1353.1015,0.6251580618393252,0.8633118867874146,"[421, 670, 506, 725]","[421, 670, 506, 725]"
225,7500.0,92522,2525,false,467.9387,1758.5472,1290.6085,0.8524653911590576,0.8524653911590576,"[418, 669, 506, 726]","[418, 669, 506, 726]"
226,7533.333333333334,92522,2525,false,358.6647,1824.4197,1465.7550,0.6090273839348498,0.8586061596870422,"[415, 670, 506, 725]","[415, 670, 506, 725]"
227,7566.666666666667,82522,2520,false,392.2233,1515.4712,1123.2479,0.8430673744849901,0.8630657196044922,"[416, 671, 507, 725]","[416, 671, 507, 725]"
228,7600.000000000001,12522,825,false,434.5537,1285.9244,851.3707,0.6799501203464422,0.8667545318603516,"[419, 670, 507, 726]","[419, 670, 507, 726]"
229,7633.333333333334,12522,825,false,415.2618,1284.6552,869.3934,0.5695927260388128,0.8445484042167664,"[421, 670, 508, 726]","[421, 670, 508, 726]"
230,7666.666666666667,78FA,2525,false,620.8376,1476.6342,855.7966,0.5765841452725208,0.846070408821106,"[422, 670, 508, 724]","[422, 670, 508, 724]"
231,7700.0,82522,2525,false,392.7863,1428.0979,1035.3116,0.5035039211332849,0.8604785799980164,"[422, 671, 508, 725]","[422, 671, 508, 725]"
232,7733.333333333333,78FA,825,false,397.1952,1298.7177,901.5225,0.8731619119644165,0.8731619119644165,"[422, 671, 508, 725]","[422, 671, 508, 725]"
233,7766.666666666667,92522,2520,false,343.1075,1474.2294,1131.1219,0.46896830981749027,0.8753082752227783,"[421, 670, 508, 724]","[421, 670, 508, 724]"
234,7800.000000000001,92522,825,false,364.3726,1351.6451,987.2725,0.5697194407425468,0.8703258633613586,"[421, 670, 509, 723]","[421, 670, 509, 723]"
235,7833.333333333334,92522,2525,false,598.4048,1657.5429,1059.1381,0.8294478258143898,0.8735778331756592,"[420, 670, 509, 723]","[420, 670, 509, 723]"
236,7866.666666666667,92522,2525,false,337.0383,1550.6307,1213.5924,0.4564530357334166,0.8540789484977722,"[416, 669, 508, 722]","[416, 669, 508, 722]"
237,7900.0,78FA,2525,false,440.3199,1588.9415,1148.6216,0.5796727489416202,0.8599736094474792,"[419, 669, 509, 722]","[419, 669, 509, 722]"
238,7933.333333333334,78FA,2525,false,363.5789,1591.5717,1227.9928,0.4442708011485713,0.8582891821861267,"[419, 669, 509, 722]","[419, 669, 509, 722]"
239,7966.666666666667,92522,2525,false,345.1516,1583.2340,1238.0824,0.4776918036797331,0.8671450018882751,"[419, 668, 509, 721]","[419, 668, 509, 721]"
240,8000.0,92522,825,false,420.1072,1320.4981,900.3909,0.6554226866034886,0.8715443015098572,"[420, 668, 509, 721]","[420, 668, 509, 721]"
241,8033.333333333333,92522,825,false,480.4889,1456.0132,975.5243,0.37711549217860146,0.8744248151779175,"[422, 668, 510, 721]","[422, 668, 510, 721]"
242,8066.666666666666,92522,825,false,378.3132,1409.7201,1031.4069,0.8737597465515137,0.8737597465515137,"[426, 668, 510, 720]","[426, 668, 510, 720]"
243,8100.0,92522,825,false,448.1310,1303.0134,854.8824,0.4345085657430579,0.8673211336135864,"[426, 668, 510, 720]","[426, 668, 510, 720]"
244,8133.333333333333,92522,825,false,428.7388,1363.1508,934.4120,0.5937497834426099,0.8728471994400024,"[427, 668, 509, 720]","[427, 668, 509, 720]"
245,8166.666666666668,92522,825,false,400.7311,1460.3327,1059.6016,0.6118101207554962,0.8888833522796631,"[427, 667, 510, 720]","[427, 667, 510, 720]"
246,8200.000000000002,92522,825,false,451.2237,1319.9116,868.6879,0.6863317785009782,0.8918641209602356,"[428, 667, 510, 720]","[428, 667, 510, 720]"
247,8233.333333333334,92522,825,false,405.4301,1338.2701,932.8400,0.8963637948036194,0.8963637948036194,"[428, 667, 510, 720]","[428, 667, 510, 720]"
248,8266.666666666668,92522,825,false,396.5295,1273.4556,876.9261,0.897773802280426,0.897773802280426,"[428, 666, 510, 719]","[428, 666, 510, 719]"
249,8300.0,92522,825,false,452.9559,1254.9167,801.9608,0.8981025218963623,0.8981025218963623,"[428, 666, 510, 719]","[428, 666, 510, 719]"
250,8333.333333333334,92522,825,false,459.8437,1305.7152,845.8715,0.901601254940033,0.901601254940033,"[428, 666, 510, 719]","[428, 666, 510, 719]"
251,8366.666666666668,82522,825,false,432.1718,1414.3645,982.1927,0.7312403114757758,0.8960704207420349,"[427, 666, 510, 718]","[427, 666, 510, 718]"
252,8400.0,82522,825,false,441.9761,1381.5326,939.5565,0.7274211775345613,0.8967132568359375,"[427, 666, 510, 718]","[427, 666, 510, 718]"
253,8433.333333333334,92522,825,false,461.5570,1554.5302,1092.9732,0.6135453825286392,0.8951761722564697,"[427, 666, 510, 719]","[427, 666, 510, 719]"
254,8466.666666666666,92522,825,false,357.7145,1607.7030,1249.9885,0.8634584964062456,0.8881214261054993,"[428, 665, 510, 718]","[428, 665, 510, 718]"
255,8500.0,02522,825,false,440.6044,1661.0559,1220.4515,0.8582641174043685,0.889740526676178,"[429, 665, 510, 718]","[429, 665, 510, 718]"
256,8533.333333333334,02522,825,false,433.6438,1497.0769,1063.4331,0.6922274914395041,0.8896178603172302,"[428, 665, 511, 718]","[428, 665, 511, 718]"
257,8566.666666666666,92522,825,false,472.7189,1399.0852,926.3663,0.5228074110193792,0.8915942311286926,"[428, 664, 511, 718]","[428, 664, 511, 718]"
258,8600.0,92522,825,false,377.8004,1342.4622,964.6618,0.8363281929384319,0.8898650407791138,"[428, 664, 511, 717]","[428, 664, 511, 717]"
259,8633.333333333332,92522,825,false,453.2392,1373.4594,920.2202,0.75127701936025,0.890233039855957,"[428, 664, 510, 717]","[428, 664, 510, 717]"
260,8666.666666666668,92522,2525,false,361.6599,1513.7475,1152.0876,0.48075767482572296,0.8952234387397766,"[428, 664, 511, 717]","[428, 664, 511, 717]"
261,8700.000000000002,92522,825,false,437.8951,1389.3620,951.4669,0.5997011900973712,0.8949381709098816,"[429, 663, 510, 717]","[429, 663, 510, 717]"
262,8733.333333333334,92522,825,false,463.4437,1290.5178,827.0741,0.8860635264242549,0.8979523777961731,"[429, 663, 510, 717]","[429, 663, 510, 717]"
263,8766.666666666668,92522,825,false,428.5614,1417.2409,988.6795,0.8261021326657303,0.8946771025657654,"[430, 663, 510, 717]","[430, 663, 510, 717]"
264,8800.0,92522,825,false,462.3897,1748.5959,1286.2062,0.841940449309817,0.8956603407859802,"[430, 663, 510, 717]","[430, 663, 510, 717]"
265,8833.333333333334,92522,825,false,381.4357,1552.3796,1170.9439,0.30514011753513626,0.8936470150947571,"[431, 663, 511, 716]","[431, 663, 511, 716]"
266,8866.666666666668,92522,825,false,422.3854,1510.8358,1088.4504,0.8101175452547464,0.8902493715286255,"[431, 663, 511, 716]","[431, 663, 511, 716]"
267,8900.0,92522,825,false,463.7569,1483.3683,1019.6114,0.5901224069456147,0.8896311521530151,"[431, 663, 511, 715]","[431, 663, 511, 715]"
268,8933.333333333334,92522,825,false,389.3324,1711.9614,1322.6290,0.8979183435440063,0.8979183435440063,"[430, 662, 512, 716]","[430, 662, 512, 716]"
269,8966.666666666666,92522,825,false,433.5717,1453.0526,1019.4809,0.8979148864746094,0.8979148864746094,"[430, 662, 512, 716]","[430, 662, 512, 716]"
270,9000.0,92522,2825,false,344.0975,1722.4852,1378.3877,0.8428811419973546,0.8784964680671692,"[430, 662, 514, 716]","[430, 662, 514, 716]"
271,9033.333333333334,18A,2825,false,378.1432,1719.9701,1341.8269,0.5424824357032776,0.87452632188797,"[430, 661, 515, 716]","[430, 661, 515, 716]"
272,9066.666666666666,92522,2525,false,451.8416,1480.8965,1029.0549,0.574868082224443,0.8702183365821838,"[429, 661, 515, 716]","[429, 661, 515, 716]"
273,9100.0,92522,2825,false,425.0726,1467.5580,1042.4854,0.8672236800193787,0.8672236800193787,"[430, 661, 516, 716]","[430, 661, 516, 716]"
274,9133.333333333334,82522,2525,false,675.8250,1494.9462,819.1212,0.7060517262151668,0.8674333691596985,"[431, 660, 515, 715]","[431, 660, 515, 715]"
275,9166.666666666668,78F,2525,false,436.0771,1447.9572,1011.8801,0.8557227253913879,0.8691073656082153,"[431, 660, 516, 714]","[431, 660, 516, 714]"
276,9200.000000000002,78FA,8,false,397.4352,1087.9428,690.5076,0.5950073206653994,0.8705469965934753,"[431, 659, 515, 715]","[431, 659, 515, 715]"
277,9233.333333333334,82522,82829,false,356.1626,1457.8684,1101.7058,0.565982423683808,0.8873292207717896,"[431, 659, 516, 713]","[431, 659, 516, 713]"
278,9266.666666666668,82522,82822,false,362.0339,1457.2161,1095.1822,0.4703402232840053,0.8885572552680969,"[432, 659, 518, 713]","[432, 659, 518, 713]"
279,9300.0,82522,82822,false,388.0705,1599.6513,1211.5808,0.4034416749094335,0.8837270736694336,"[432, 659, 518, 713]","[432, 659, 518, 713]"
280,9333.333333333334,82522,82822,false,371.0317,1476.6638,1105.6321,0.5539152006661882,0.8947526812553406,"[434, 659, 519, 712]","[434, 659, 519, 712]"
281,9366.666666666668,92522,82822,false,344.8180,1450.3712,1105.5532,0.43989921058824216,0.8980912566184998,"[436, 659, 520, 712]","[436, 659, 520, 712]"
282,9400.0,78FA,62822,false,486.5624,1257.3597,770.7973,0.8040015250080239,0.898926317691803,"[436, 659, 520, 711]","[436, 659, 520, 711]"
283,9433.333333333334,78FA,82822,false,367.6182,1423.2092,1055.5910,0.7736671416289694,0.8971158266067505,"[437, 659, 521, 711]","[437, 659, 521, 711]"
284,9466.666666666666,92522,82822,false,359.4429,1470.2666,1110.8237,0.3925047732820692,0.8948614001274109,"[437, 659, 522, 711]","[437, 659, 522, 711]"
285,9500.0,82522,825,false,375.5113,1246.6970,871.1857,0.4548288332501762,0.8953307271003723,"[437, 659, 522, 711]","[437, 659, 522, 711]"
286,9533.333333333334,82522,825,false,347.7156,1254.3217,906.6061,0.3477771619137467,0.8891969323158264,"[438, 658, 523, 711]","[438, 658, 523, 711]"
287,9566.666666666666,82522,825,false,358.6468,1287.6789,929.0321,0.5402829043682708,0.8808486461639404,"[439, 658, 524, 709]","[439, 658, 524, 709]"
288,9600.0,82522,82822,false,403.5042,1612.7880,1209.2838,0.8843614459037781,0.8843614459037781,"[439, 658, 524, 709]","[439, 658, 524, 709]"
289,9633.333333333334,82522,825,false,441.7871,1276.8502,835.0631,0.5966862633068842,0.8904995322227478,"[442, 657, 526, 708]","[442, 657, 526, 708]"
290,9666.666666666668,82522,82820,false,457.1131,1436.4573,979.3442,0.7767428777969084,0.882320761680603,"[443, 658, 528, 708]","[443, 658, 528, 708]"
291,9700.000000000002,82522,82822,false,446.9445,1442.6771,995.7326,0.7917311017378238,0.8851787447929382,"[443, 657, 527, 707]","[443, 657, 527, 707]"
292,9733.333333333334,82522,825,false,520.5407,1259.1421,738.6014,0.723168923462769,0.8752107620239258,"[445, 657, 529, 707]","[445, 657, 529, 707]"
293,9766.666666666668,02522,825,false,503.1844,1259.4029,756.2185,0.5154108458753388,0.8877719640731812,"[449, 657, 532, 707]","[449, 657, 532, 707]"
294,9800.0,92522,2525,false,445.2071,1449.4238,1004.2167,0.5630441507491919,0.8815336227416992,"[451, 656, 533, 706]","[451, 656, 533, 706]"
295,9833.333333333334,92522,82822,false,473.5192,1611.4498,1137.9306,0.490465785154062,0.8782308101654053,"[453, 657, 534, 705]","[453, 657, 534, 705]"
296,9866.666666666668,82522,8825,false,351.3609,1827.5495,1476.1886,0.33513624551019944,0.8801582455635071,"[455, 657, 536, 705]","[455, 657, 536, 705]"
297,9900.0,92522,82820,false,497.7607,1507.2532,1009.4925,0.46183361875721296,0.8858163952827454,"[455, 656, 538, 704]","[455, 656, 538, 704]"
298,9933.333333333334,92522,825,false,503.8543,1360.0513,856.1970,0.6688979839237065,0.8847500681877136,"[460, 656, 539, 704]","[460, 656, 539, 704]"
299,9966.666666666666,82522,2525,false,558.9808,1495.1311,936.1503,0.4186457105462489,0.8936253786087036,"[462, 654, 540, 703]","[462, 654, 540, 703]"
300,10000.0,82522,82822,false,451.4680,1533.3073,1081.8393,0.596819433688783,0.895301103591919,"[465, 652, 545, 702]","[465, 652, 545, 702]"
301,10033.333333333334,82522,825,false,393.8721,1536.3100,1142.4379,0.6700122597442213,0.9083134531974792,"[468, 651, 547, 702]","[468, 651, 547, 702]"
302,10066.666666666666,82522,825,false,452.4983,1293.1453,840.6470,0.9070764183998108,0.9070764183998108,"[469, 651, 550, 701]","[469, 651, 550, 701]"
303,10100.0,82522,825,false,497.5340,1300.1921,802.6581,0.4397680066989728,0.8927451372146606,"[473, 651, 553, 700]","[473, 651, 553, 700]"
304,10133.333333333334,02522,825,false,437.4702,1311.3427,873.8725,0.6276254132082154,0.8835920095443726,"[476, 651, 555, 699]","[476, 651, 555, 699]"
305,10166.666666666668,78FA,825,false,410.0202,1300.3184,890.2982,0.5556652348615433,0.8572725057601929,"[480, 650, 558, 698]","[480, 650, 558, 698]"
306,10200.000000000002,78FA,825,false,411.8493,1322.1127,910.2634,0.7767602366762782,0.8582580089569092,"[483, 649, 560, 698]","[483, 649, 560, 698]"
307,10233.333333333334,82522,825,false,398.1664,1339.7320,941.5656,0.6762811188373754,0.8721702098846436,"[486, 649, 566, 696]","[486, 649, 566, 696]"
308,10266.666666666668,18FA,825,false,499.6589,1332.9435,833.2846,0.7210149329001353,0.861031174659729,"[490, 648, 569, 695]","[490, 648, 569, 695]"
309,10300.0,82522,825,false,451.8849,1295.0574,843.1725,0.41818397292174797,0.8757648468017578,"[492, 647, 570, 694]","[492, 647, 570, 694]"
310,10333.333333333334,92522,6,false,463.1486,1105.7059,642.5573,0.6714311291654301,0.8713343143463135,"[498, 646, 574, 693]","[498, 646, 574, 693]"
311,10366.666666666668,82522,825,false,439.4677,1474.1821,1034.7144,0.479056266973705,0.8698209524154663,"[500, 644, 578, 692]","[500, 644, 578, 692]"
312,10400.0,92522,GSTZ,false,438.1894,1778.1381,1339.9487,0.6082370954325829,0.8549624681472778,"[502, 643, 581, 691]","[502, 643, 581, 691]"
313,10433.333333333334,02522,6,false,716.7024,1417.3311,700.6287,0.5284438442105129,0.8802367448806763,"[506, 640, 586, 689]","[506, 640, 586, 689]"
314,10466.666666666666,82522,825,false,438.7064,1423.1341,984.4277,0.7407871934803408,0.8746839165687561,"[507, 642, 587, 688]","[507, 642, 587, 688]"
315,10500.0,82522,825,false,341.8019,1383.5946,1041.7927,0.7791967988871683,0.8686443567276001,"[508, 642, 588, 688]","[508, 642, 588, 688]"
316,10533.333333333334,182522,825,false,452.7431,1467.0670,1014.3239,0.4280201694940943,0.8513178825378418,"[519, 641, 593, 685]","[519, 641, 593, 685]"
317,10566.666666666666,82522,825,false,381.2572,1555.6969,1174.4397,0.28295252259808545,0.8662283420562744,"[521, 639, 596, 684]","[521, 639, 596, 684]"
318,10600.0,192522,825,false,678.7356,1508.5832,829.8476,0.36237823206899916,0.8683596849441528,"[522, 639, 597, 683]","[522, 639, 597, 683]"
319,10633.333333333334,82522,825,false,459.4207,1387.8378,928.4171,0.44013786852819115,0.8629786372184753,"[528, 638, 600, 682]","[528, 638, 600, 682]"
320,10666.666666666668,82522,825,false,430.8296,1317.2212,886.3916,0.30946500251304293,0.8707289695739746,"[532, 636, 604, 680]","[532, 636, 604, 680]"
321,10700.000000000002,82522,2525,false,447.0701,1577.6689,1130.5988,0.6303861422206504,0.8491184115409851,"[533, 635, 606, 679]","[533, 635, 606, 679]"
322,10733.333333333334,02522,2525,false,588.8519,1523.0291,934.1772,0.8250905689406007,0.8349811434745789,"[534, 635, 608, 679]","[534, 635, 608, 679]"
323,10766.666666666668,182522,6,false,532.9818,1122.3192,589.3374,0.7322292471259563,0.8481414914131165,"[541, 633, 613, 676]","[541, 633, 613, 676]"
324,10800.0,82522,2522,false,510.1989,1756.8108,1246.6119,0.6095768059943406,0.8463013768196106,"[543, 633, 614, 675]","[543, 633, 614, 675]"
325,10833.333333333334,02522,825,false,486.7787,1409.5401,922.7614,0.4849228909346319,0.8558094501495361,"[547, 632, 617, 674]","[547, 632, 617, 674]"
326,10866.666666666668,82522,2525,false,391.7487,1580.3587,1188.6100,0.563869644239595,0.8723542094230652,"[550, 630, 620, 673]","[550, 630, 620, 673]"
327,10900.0,57,H,false,317.8807,1340.7467,1022.8660,0.6002955550080226,0.8807671666145325,"[1, 807, 67, 920]","[1, 807, 67, 920]"
328,10933.333333333334,91,ITEM,false,279.5396,1185.0440,905.5044,0.6448313713979268,0.8996644616127014,"[1, 800, 84, 914]","[1, 800, 84, 914]"
329,10966.666666666666,0231,029,false,271.1057,1465.3492,1194.2435,0.6003090143203735,0.9268116354942322,"[1, 795, 109, 906]","[1, 795, 109, 906]"
330,11000.0,73,ITEM,false,336.9859,1404.5097,1067.5238,0.29415355906027607,0.9299537539482117,"[0, 791, 116, 902]","[0, 791, 116, 902]"
331,11033.333333333334,23,ITEM,false,425.8017,1581.3287,1155.5270,0.5986054749064523,0.9221428632736206,"[4, 783, 131, 894]","[4, 783, 131, 894]"
332,11066.666666666666,357,ITEM,false,360.9028,1609.9841,1249.0813,0.22375544905662537,0.9019855260848999,"[28, 777, 152, 881]","[28, 777, 152, 881]"
333,11100.0,0291,HH,false,366.8730,949.0323,582.1593,0.47413259744644165,0.9123252630233765,"[32, 775, 160, 879]","[32, 775, 160, 879]"
334,11133.333333333334,257,ITEM,false,436.6975,1171.3477,734.6502,0.3025023125132282,0.9181867241859436,"[48, 766, 175, 872]","[48, 766, 175, 872]"
335,11166.666666666668,2757,GST,false,429.8256,1114.4159,684.5903,0.1989939957857132,0.9199116230010986,"[62, 764, 185, 868]","[62, 764, 185, 868]"
336,11200.000000000002,337,BEST,false,382.6578,1212.8093,830.1515,0.23467758297920227,0.9275583028793335,"[76, 765, 196, 863]","[76, 765, 196, 863]"
337,11233.333333333334,283,BEST,false,431.3847,1137.6256,706.2409,0.07802843302488327,0.9177612662315369,"[91, 762, 210, 859]","[91, 762, 210, 859]"
338,11266.666666666668,284,BEST,false,327.0034,1191.2284,864.2250,0.36042460799217224,0.926590085029602,"[102, 758, 222, 853]","[102, 758, 222, 853]"
339,11300.0,01291,829,false,412.9193,1362.3211,949.4018,0.5617103455345567,0.9079149961471558,"[114, 754, 232, 849]","[114, 754, 232, 849]"
340,11333.333333333334,234,629,false,581.1367,1337.4697,756.3330,0.16599658131599426,0.9039087891578674,"[128, 749, 244, 842]","[128, 749, 244, 842]"
341,11366.666666666668,27BR,620,false,349.9917,1313.1705,963.1788,0.25228361334298577,0.9230234622955322,"[139, 748, 253, 838]","[139, 748, 253, 838]"
342,11400.0,0UZ91,8291,false,397.5215,1171.7956,774.2741,0.45255608556322335,0.9023431539535522,"[151, 742, 264, 832]","[151, 742, 264, 832]"
343,11433.333333333334,29B3,00291,false,367.5730,1228.7631,861.1901,0.6368664653434265,0.8989428877830505,"[160, 738, 274, 825]","[160, 738, 274, 825]"
344,11466.666666666666,29B3,00291,false,328.5878,1185.1204,856.5326,0.23850082973213044,0.8999431729316711,"[173, 732, 283, 819]","[173, 732, 283, 819]"
345,11500.0,06291,00291,false,456.6671,1314.8079,858.1408,0.24261370798144002,0.8927460312843323,"[182, 732, 287, 817]","[182, 732, 287, 817]"
346,11533.333333333334,29B8,00291,false,338.4971,1252.2853,913.7882,0.25758893348684225,0.9145553708076477,"[196, 726, 302, 809]","[196, 726, 302, 809]"
347,11566.666666666666,00291,00291,true,393.2576,1369.4352,976.1776,0.7371907148997029,0.9039874076843262,"[202, 724, 310, 806]","[202, 724, 310, 806]"
348,11600.000000000002,00291,00291,true,379.9322,1176.7649,796.8327,0.4324590485829077,0.8994637131690979,"[208, 724, 314, 804]","[208, 724, 314, 804]"
349,11633.333333333334,00291,00291,true,362.0832,1115.7150,753.6318,0.8174008868645285,0.9040018320083618,"[226, 721, 327, 799]","[226, 721, 327, 799]"
350,11666.666666666668,00291,00291,true,476.5484,1298.2223,821.6739,0.26586798871372275,0.885948121547699,"[233, 720, 334, 794]","[233, 720, 334, 794]"
351,11700.000000000002,101291,00291,false,509.4538,1464.6729,955.2191,0.3663517644094313,0.8949598073959351,"[234, 720, 338, 793]","[234, 720, 338, 793]"
352,11733.333333333334,2914,00291,false,446.5864,1319.6020,873.0156,0.17810689730465715,0.8934575915336609,"[251, 715, 348, 788]","[251, 715, 348, 788]"
353,11766.666666666668,2914,00291,false,427.4212,1458.9150,1031.4938,0.19716094263445105,0.8875592947006226,"[259, 710, 355, 786]","[259, 710, 355, 786]"
354,11800.0,10291,00291,false,428.8495,1451.5135,1022.6640,0.6471216837305039,0.8927474021911621,"[261, 710, 359, 785]","[261, 710, 359, 785]"
355,11833.333333333334,NAZ91,00291,false,360.1747,1522.4063,1162.2316,0.3490451817999671,0.9191660284996033,"[275, 706, 368, 779]","[275, 706, 368, 779]"
356,11866.666666666668,29B1,00291,false,368.7554,1373.2780,1004.5226,0.4435147043425603,0.9112034440040588,"[281, 705, 376, 777]","[281, 705, 376, 777]"
357,11900.0,0AZ91,00291,false,345.1343,1450.6732,1105.5389,0.46485637023310983,0.90380859375,"[285, 705, 378, 777]","[285, 705, 378, 777]"
358,11933.333333333334,29BI,00291,false,341.4939,1371.4549,1029.9610,0.30607636132973776,0.9142452478408813,"[290, 704, 384, 774]","[290, 704, 384, 774]"
359,11966.666666666666,29,00291,false,364.2271,1359.8955,995.6684,0.9086044430732727,0.9086044430732727,"[299, 703, 393, 772]","[299, 703, 393, 772]"
360,12000.0,29BH,00291,false,344.2634,1410.4669,1066.2035,0.4633149278688004,0.9053556323051453,"[300, 701, 395, 771]","[300, 701, 395, 771]"
361,12033.333333333334,I00291,00291,false,362.6954,1727.0072,1364.3118,0.2789108426169203,0.9203935861587524,"[309, 700, 400, 769]","[309, 700, 400, 769]"
362,12066.666666666666,29B04,00291,false,376.8725,1411.4483,1034.5758,0.22461251933629658,0.8940230011940002,"[317, 698, 408, 767]","[317, 698, 408, 767]"
363,12100.000000000002,29BH,00291,false,344.7617,1449.6049,1104.8432,0.8494881958526018,0.8961860537528992,"[319, 697, 411, 766]","[319, 697, 411, 766]"
364,12133.333333333334,29B04,00291,false,425.3225,1437.2248,1011.9023,0.3916661484531078,0.9250760078430176,"[326, 696, 415, 764]","[326, 696, 415, 764]"
365,12166.666666666668,29B4,00291,false,429.0883,1479.9594,1050.8711,0.29814884229587507,0.9042693972587585,"[335, 695, 423, 762]","[335, 695, 423, 762]"
366,12200.000000000002,29BH,00291,false,341.5552,1431.2598,1089.7046,0.5869730191342657,0.9062567353248596,"[335, 693, 425, 761]","[335, 693, 425, 761]"
367,12233.333333333334,29BH,00291,false,384.1675,1437.1448,1052.9773,0.9261590838432312,0.9261590838432312,"[340, 692, 429, 758]","[340, 692, 429, 758]"
368,12266.666666666668,29BH,00291,false,394.0503,1613.8891,1219.8388,0.9089887142181396,0.9089887142181396,"[349, 690, 437, 755]","[349, 690, 437, 755]"
369,12300.0,29BH,00291,false,425.8346,1366.5225,940.6879,0.4492025601547958,0.9078074097633362,"[351, 690, 439, 755]","[351, 690, 439, 755]"
370,12333.333333333334,00291,00291,true,392.3862,1445.6903,1053.3041,0.6398546576487238,0.9173074960708618,"[356, 689, 443, 753]","[356, 689, 443, 753]"
371,12366.666666666668,00291,00291,true,363.8865,1623.0536,1259.1671,0.27159451452053696,0.909823477268219,"[364, 686, 451, 751]","[364, 686, 451, 751]"
372,12400.0,29B8,00291,false,454.9758,1385.0762,930.1004,0.3541911224417444,0.9080870151519775,"[367, 686, 452, 750]","[367, 686, 452, 750]"
373,12433.333333333334,29BR,00291,false,411.9940,1420.2829,1008.2889,0.4284674636304629,0.9165850877761841,"[370, 684, 456, 747]","[370, 684, 456, 747]"
374,12466.666666666666,29B8,00291,false,390.2472,1298.5488,908.3016,0.34667085499486905,0.9357966184616089,"[377, 680, 462, 744]","[377, 680, 462, 744]"
375,12500.0,29B8,00291,false,420.9960,1313.6408,892.6448,0.46419703606696827,0.9290834665298462,"[381, 680, 464, 743]","[381, 680, 464, 743]"
376,12533.333333333334,29B,00291,false,349.3320,1347.4334,998.1014,0.7857583165168762,0.9240744113922119,"[384, 679, 469, 741]","[384, 679, 469, 741]"
377,12566.666666666666,29BH,00291,false,399.9888,1631.8938,1231.9050,0.711538443824568,0.9311718940734863,"[387, 679, 473, 739]","[387, 679, 473, 739]"
378,12600.000000000002,29B3,00291,false,386.8728,1402.3757,1015.5029,0.2832294742523124,0.9362724423408508,"[394, 679, 478, 738]","[394, 679, 478, 738]"
379,12633.333333333334,29BH,00291,false,437.9460,1438.0513,1000.1053,0.6243081007779583,0.9118449687957764,"[400, 678, 484, 737]","[400, 678, 484, 737]"
380,12666.666666666668,29BH,00291,false,389.0848,1501.8995,1112.8147,0.5074845703018671,0.9199194312095642,"[404, 676, 488, 736]","[404, 676, 488, 736]"
381,12700.000000000002,29B4,00291,false,572.0762,1305.2039,733.1277,0.3256678876854609,0.9169843792915344,"[405, 676, 491, 735]","[405, 676, 491, 735]"
382,12733.333333333334,29B4,00291,false,412.8947,1346.2530,933.3583,0.5624553074032062,0.9052978157997131,"[414, 674, 498, 733]","[414, 674, 498, 733]"
383,12766.666666666668,00Z91,00291,false,415.9948,1364.8785,948.8837,0.4404517773842043,0.8777994513511658,"[422, 672, 504, 730]","[422, 672, 504, 730]"
384,12800.0,29BH,00291,false,441.6625,1356.2681,914.6056,0.6295961947245163,0.8858861327171326,"[422, 670, 506, 729]","[422, 670, 506, 729]"
385,12833.333333333334,29BH,00291,false,409.4605,1473.5500,1064.0895,0.8530143826080677,0.893288254737854,"[431, 668, 513, 725]","[431, 668, 513, 725]"
386,12866.666666666668,29BH,60291,false,414.2759,1546.8660,1132.5901,0.9066846966743469,0.9066846966743469,"[433, 666, 518, 723]","[433, 666, 518, 723]"
387,12900.0,29BH,00291,false,399.8912,1320.9109,921.0197,0.6219661196159397,0.9096679091453552,"[438, 665, 520, 722]","[438, 665, 520, 722]"
388,12933.333333333334,29BH,00291,false,383.5588,1298.9273,915.3685,0.8650280376094462,0.9010916352272034,"[447, 663, 528, 719]","[447, 663, 528, 719]"
389,12966.666666666666,29BH,00291,false,664.6346,1318.2207,653.5861,0.9098125100135803,0.9098125100135803,"[452, 662, 533, 717]","[452, 662, 533, 717]"
390,13000.0,29BH,00291,false,512.2433,1279.3130,767.0697,0.5307782374350071,0.8811430931091309,"[456, 661, 535, 715]","[456, 661, 535, 715]"
391,13033.333333333334,29B8,00291,false,425.4406,1271.1982,845.7576,0.7269931408437231,0.8992242813110352,"[465, 658, 542, 713]","[465, 658, 542, 713]"
392,13066.666666666666,29B8,00291,false,481.2738,1336.3788,855.1050,0.7050334330016458,0.8914819359779358,"[471, 658, 549, 709]","[471, 658, 549, 709]"
393,13100.000000000002,29B8,00291,false,550.3566,1394.9328,844.5762,0.6572444003458959,0.8851006031036377,"[475, 656, 551, 707]","[475, 656, 551, 707]"
394,13133.333333333334,29B3,00291,false,513.7676,1504.5025,990.7349,0.407792996273212,0.9006316065788269,"[484, 651, 559, 704]","[484, 651, 559, 704]"
395,13166.666666666668,29BH,00291,false,381.0882,1345.9170,964.8288,0.41151465736540666,0.9013773798942566,"[489, 650, 565, 701]","[489, 650, 565, 701]"
396,13200.000000000002,0P291,00291,false,381.9659,1359.2030,977.2371,0.5711505108491922,0.8885841965675354,"[492, 647, 568, 700]","[492, 647, 568, 700]"
397,13233.333333333334,29BH,00299,false,632.6331,1368.0458,735.4127,0.7428834160120036,0.8853330612182617,"[499, 643, 575, 696]","[499, 643, 575, 696]"
398,13266.666666666668,29BH,00299,false,450.7917,1337.8846,887.0929,0.8669302463531494,0.8669302463531494,"[505, 643, 581, 692]","[505, 643, 581, 692]"
399,13300.0,29BH,00299,false,460.3420,1352.2516,891.9096,0.6116988528118361,0.8757578134536743,"[509, 643, 583, 691]","[509, 643, 583, 691]"
400,13333.333333333334,29BH,002919,false,358.9609,1347.3069,988.3460,0.4126044365376608,0.8844748735427856,"[516, 641, 588, 689]","[516, 641, 588, 689]"
401,13366.666666666668,29BH,00291,false,461.1781,1313.8213,852.6432,0.8979339003562927,0.8979339003562927,"[524, 637, 596, 685]","[524, 637, 596, 685]"
402,13400.0,29BH,00291,false,391.0549,1252.7382,861.6833,0.6943314575681301,0.8679435849189758,"[527, 636, 599, 685]","[527, 636, 599, 685]"
403,13433.333333333334,29BH,00291,false,392.9221,1205.1475,812.2254,0.8716848492622375,0.8716848492622375,"[533, 635, 604, 682]","[533, 635, 604, 682]"
404,13466.666666666666,29BH,00291,false,380.7272,1231.8365,851.1093,0.6577897798614633,0.8609967827796936,"[542, 632, 613, 677]","[542, 632, 613, 677]"
405,13500.0,29BH,002919,false,395.8502,1731.5199,1335.6697,0.558805105731813,0.8613283634185791,"[545, 631, 615, 675]","[545, 631, 615, 675]"
406,13533.333333333334,29BH,002911,false,397.4214,1627.0528,1229.6314,0.5799942600349177,0.8589799404144287,"[550, 628, 621, 673]","[550, 628, 621, 673]"
407,13566.666666666666,0029N1,00291,false,376.3560,1200.1867,823.8307,0.15365215231781393,0.876693844795227,"[560, 627, 628, 669]","[560, 627, 628, 669]"
408,13600.000000000002,29BH,40291,false,377.7111,1221.3836,843.6725,0.48127456387063183,0.8685065507888794,"[561, 625, 631, 668]","[561, 625, 631, 668]"
409,13633.333333333334,00291,40291,false,352.7704,1271.6887,918.9183,0.7318809070615807,0.8454258441925049,"[566, 622, 636, 666]","[566, 622, 636, 666]"
410,13666.666666666668,29BH,40291,false,366.9448,1233.8975,866.9527,0.3091647396669166,0.8296122550964355,"[574, 623, 643, 663]","[574, 623, 643, 663]"
411,13700.000000000002,29BH,40294,false,337.3458,1255.5714,918.2256,0.6045090614246778,0.8202511072158813,"[576, 622, 646, 662]","[576, 622, 646, 662]"
412,13733.333333333334,29BH,40294,false,396.9756,1390.8330,993.8574,0.5725852990277726,0.8754389882087708,"[582, 620, 649, 660]","[582, 620, 649, 660]"
413,13766.666666666668,29BH,00291,false,392.4976,1292.6346,900.1370,0.29610859459556205,0.8588123917579651,"[588, 620, 655, 659]","[588, 620, 655, 659]"
414,13800.0,29BH,00294,false,344.2750,1229.0105,884.7355,0.6519424218720521,0.834644615650177,"[590, 619, 657, 658]","[590, 619, 657, 658]"
415,13833.333333333334,29BH,00294,false,367.8619,1235.9141,868.0522,0.6596633076320219,0.8425816297531128,"[597, 618, 663, 657]","[597, 618, 663, 657]"
416,13866.666666666668,29BH,00294,false,322.4459,1241.0137,918.5678,0.825090765953064,0.825090765953064,"[597, 617, 665, 656]","[597, 617, 665, 656]"
417,13900.0,29BH,00291,false,436.3253,1273.8982,837.5729,0.5964273819190496,0.7731062769889832,"[603, 615, 669, 656]","[603, 615, 669, 656]"
418,13933.333333333334,29BH,00294,false,320.0790,1231.6272,911.5482,0.65924267603572,0.758975625038147,"[610, 616, 672, 655]","[610, 616, 672, 655]"
419,13966.666666666666,29BH,00291,false,314.2689,1236.6779,922.4090,0.522155094753861,0.7119944095611572,"[611, 614, 675, 653]","[611, 614, 675, 653]"
420,14000.0,00291,00291,true,373.7862,1452.9795,1079.1933,0.6099260543012824,0.7757253646850586,"[612, 614, 677, 652]","[612, 614, 677, 652]"
421,14033.333333333334,00291,70291,false,503.9951,1352.9368,848.9417,0.7919122576713562,0.7919122576713562,"[618, 613, 680, 652]","[618, 613, 680, 652]"
422,14066.666666666668,0029,60293,false,393.0647,1225.6612,832.5965,0.7705445289611816,0.7705445289611816,"[618, 612, 681, 651]","[618, 612, 681, 651]"
423,14100.000000000002,00291,10291,false,353.3506,1384.0555,1030.7049,0.7664008140563965,0.7664008140563965,"[621, 611, 683, 650]","[621, 611, 683, 650]"
424,14133.333333333334,00Z9,40293,false,414.5109,1213.9348,799.4239,0.3030835210482083,0.7582210302352905,"[625, 610, 687, 650]","[625, 610, 687, 650]"
425,14166.666666666668,00Z9,1029,false,401.3722,1403.9884,1002.6162,0.7901114225387573,0.7901114225387573,"[623, 608, 688, 649]","[623, 608, 688, 649]"
426,14200.000000000002,0029U,10291,false,411.1031,1195.2593,784.1562,0.22949569799076916,0.7985362410545349,"[625, 610, 688, 649]","[625, 610, 688, 649]"
427,14233.333333333334,029U,T0ZST,false,435.1562,1369.4441,934.2879,0.3324180360918171,0.8262364864349365,"[627, 607, 693, 648]","[627, 607, 693, 648]"
428,14266.666666666668,029U,00291,false,346.6127,1257.4110,910.7983,0.20752026060257803,0.8159530758857727,"[629, 609, 695, 648]","[629, 609, 695, 648]"
429,14300.0,0029U,100291,false,372.2919,1225.6343,853.3424,0.3798751048073958,0.8067370057106018,"[627, 609, 696, 647]","[627, 609, 696, 647]"
430,14333.333333333334,0029U,00291,false,438.4258,1335.0999,896.6741,0.24443616449874397,0.7624256610870361,"[633, 609, 699, 647]","[633, 609, 699, 647]"
431,14366.666666666668,00Z9,00291,false,399.0349,1352.3698,953.3349,0.7231431603431702,0.7231431603431702,"[632, 609, 700, 646]","[632, 609, 700, 646]"
432,14400.0,0029,00291,false,461.2178,1244.0854,782.8676,0.5660992371529598,0.7140123248100281,"[633, 609, 701, 645]","[633, 609, 701, 645]"
433,14433.333333333334,00Z9,00291,false,521.7790,1207.4478,685.6688,0.34592046080355005,0.7001963257789612,"[635, 609, 703, 644]","[635, 609, 703, 644]"
434,14466.666666666666,00291,00291,true,426.1995,1198.7936,772.5941,0.28231332923726693,0.506010115146637,"[637, 609, 704, 645]","[637, 609, 704, 645]"
435,14500.0,002911,00291,false,423.1224,1191.2472,768.1248,0.2545134096424251,0.4668883979320526,"[636, 609, 704, 645]","[636, 609, 704, 645]"
436,14533.333333333334,,,true,65.3737,69.1133,3.7396,0.0,0.0,,
437,14566.666666666668,00291,00291,true,385.4424,1261.8575,876.4151,0.32547316726984105,0.3405677080154419,"[637, 607, 710, 645]","[637, 607, 710, 645]"
438,14600.000000000002,00291,560291,false,316.2975,1670.7161,1354.4186,0.26602653081171795,0.2980741858482361,"[640, 607, 710, 644]","[640, 607, 710, 644]"
439,14633.333333333334,,,true,61.8284,74.2107,12.3823,0.0,0.0,,
440,14666.666666666668,,,true,62.5860,68.9725,6.3865,0.0,0.0,,
441,14700.000000000002,,,true,61.7582,70.0293,8.2711,0.0,0.0,,
442,14733.333333333334,,,true,61.6277,70.8835,9.2558,0.0,0.0,,
443,14766.666666666668,,,true,55.6295,69.7220,14.0925,0.0,0.0,,
444,14800.0,,,true,53.9089,68.1297,14.2208,0.0,0.0,,
445,14833.333333333334,,,true,59.7375,69.1396,9.4021,0.0,0.0,,
446,14866.666666666668,,,true,59.0014,69.4225,10.4211,0.0,0.0,,
447,14900.0,,,true,63.1694,67.0537,3.8843,0.0,0.0,,
448,14933.333333333334,,,true,64.1837,67.6697,3.4860,0.0,0.0,,
449,14966.666666666666,,,true,60.4944,71.6903,11.1959,0.0,0.0,,
450,15000.0,,,true,58.0782,64.9811,6.9029,0.0,0.0,,
451,15033.333333333334,,,true,61.3297,68.9743,7.6446,0.0,0.0,,
452,15066.666666666668,,,true,57.0023,71.7892,14.7869,0.0,0.0,,
453,15100.000000000002,,,true,55.4306,69.1304,13.6998,0.0,0.0,,
454,15133.333333333334,,,true,57.7639,70.7642,13.0003,0.0,0.0,,
455,15166.666666666668,,,true,77.5133,72.0993,-5.4140,0.0,0.0,,
456,15200.000000000002,,,true,129.2832,69.5936,-59.6896,0.0,0.0,,
457,15233.333333333334,,,true,62.7679,68.5504,5.7825,0.0,0.0,,
458,15266.666666666668,,,true,65.9723,69.6251,3.6528,0.0,0.0,,
459,15300.0,,,true,68.4271,71.2473,2.8202,0.0,0.0,,
460,15333.333333333334,,,true,60.7614,67.3995,6.6381,0.0,0.0,,
461,15366.666666666668,,,true,59.1839,63.4990,4.3151,0.0,0.0,,
462,15400.0,,,true,60.2018,69.9441,9.7423,0.0,0.0,,
463,15433.333333333334,,,true,56.4846,69.7483,13.2637,0.0,0.0,,
464,15466.666666666666,,,true,59.2696,68.0761,8.8065,0.0,0.0,,
465,15500.0,,,true,55.3600,70.9270,15.5670,0.0,0.0,,
466,15533.333333333334,,,true,55.1122,70.8687,15.7565,0.0,0.0,,
467,15566.666666666668,,,true,57.5828,69.6851,12.1023,0.0,0.0,,
468,15600.000000000002,,,true,56.7726,69.9406,13.1680,0.0,0.0,,
469,15633.333333333334,,,true,56.9385,71.8512,14.9127,0.0,0.0,,
470,15666.666666666668,,,true,98.0509,68.7088,-29.3421,0.0,0.0,,
471,15700.000000000002,,,true,75.8125,67.0696,-8.7429,0.0,0.0,,
472,15733.333333333334,,,true,67.3035,70.7602,3.4567,0.0,0.0,,
473,15766.666666666668,,,true,61.4183,70.4949,9.0766,0.0,0.0,,
474,15800.0,,,true,136.5214,66.0885,-70.4329,0.0,0.0,,
475,15833.333333333334,,,true,73.4472,111.3740,37.9268,0.0,0.0,,
476,15866.666666666668,,,true,70.0199,66.6639,-3.3560,0.0,0.0,,
477,15900.0,,,true,78.8368,68.9327,-9.9041,0.0,0.0,,
478,15933.333333333334,,,true,68.7722,68.9648,0.1926,0.0,0.0,,
479,15966.666666666666,,,true,58.1764,70.6571,12.4807,0.0,0.0,,
480,16000.0,,,true,58.2152,70.6415,12.4263,0.0,0.0,,
481,16033.333333333336,,,true,70.1553,67.7442,-2.4111,0.0,0.0,,
482,16066.666666666666,,,true,68.1030,72.2913,4.1883,0.0,0.0,,
483,16100.000000000002,,,true,229.0170,1055.3988,826.3818,0.0,0.28512904047966003,"[0, 807, 49, 951]","[0, 807, 49, 951]"
484,16133.333333333332,,IT,false,210.8269,1044.5339,833.7070,0.0,0.8162720203399658,"[2, 801, 58, 942]","[2, 801, 58, 942]"
485,16166.666666666668,,6,false,247.0276,1110.7409,863.7133,0.0,0.903366208076477,"[2, 796, 75, 937]","[2, 796, 75, 937]"
486,16200.0,,,true,261.1134,1191.0854,929.9720,0.0,0.9059332013130188,"[1, 792, 79, 935]","[1, 792, 79, 935]"
487,16233.333333333334,,ITEM,false,276.0278,1525.2758,1249.2480,0.0,0.922633945941925,"[2, 788, 87, 929]","[2, 788, 87, 929]"
488,16266.666666666666,322,ITEM,false,299.7376,1318.2018,1018.4642,0.12467803806066513,0.9385830163955688,"[2, 781, 98, 922]","[2, 781, 98, 922]"
489,16300.0,22,ITEM,false,321.7928,1268.0390,946.2462,0.3218292211966899,0.94354248046875,"[1, 780, 102, 919]","[1, 780, 102, 919]"
490,16333.333333333336,275,ITEM,false,262.7341,1233.9950,971.2609,0.1518035829916761,0.9312207698822021,"[1, 779, 111, 916]","[1, 779, 111, 916]"
491,16366.666666666668,73729,ITEM,false,443.7205,1253.0868,809.3663,0.3201735498581188,0.9366863369941711,"[1, 777, 119, 912]","[1, 777, 119, 912]"
492,16400.000000000004,717,RM,false,393.2223,1096.5486,703.3263,0.18454795114938904,0.923976719379425,"[2, 774, 126, 908]","[2, 774, 126, 908]"
493,16433.333333333332,747,TAX,false,468.0059,1214.3753,746.3694,0.1703859401330122,0.9307745099067688,"[0, 771, 132, 904]","[0, 771, 132, 904]"
494,16466.666666666668,241,GST,false,466.5637,1507.3595,1040.7958,0.15211530029773712,0.928410530090332,"[0, 770, 139, 900]","[0, 770, 139, 900]"
495,16500.0,2941,6749,false,538.0937,1286.3564,748.2627,0.08018579334020615,0.9258643388748169,"[0, 765, 145, 897]","[0, 765, 145, 897]"
496,16533.333333333336,2717,67229,false,555.5890,1122.2649,566.6759,0.1273917505031945,0.9217090010643005,"[1, 762, 151, 894]","[1, 762, 151, 894]"
497,16566.666666666668,134I9,6249,false,341.1859,1382.2412,1041.0553,0.24832600767628252,0.9265019297599792,"[4, 760, 159, 890]","[4, 760, 159, 890]"
498,16600.0,281,6249,false,419.2455,1359.2641,940.0186,0.10521954143515481,0.9276923537254333,"[11, 759, 165, 886]","[11, 759, 165, 886]"
499,16633.333333333332,13419,249,false,402.8674,1585.5206,1182.6532,0.446738816939147,0.9240124225616455,"[20, 758, 172, 883]","[20, 758, 172, 883]"
500,16666.666666666668,29111,2949,false,510.2995,1542.3163,1032.0168,0.4831975388653171,0.9253893494606018,"[28, 757, 178, 880]","[28, 757, 178, 880]"
501,16700.0,7771,2449,false,416.0233,1447.9640,1031.9407,0.1615205705165863,0.9205061197280884,"[33, 755, 182, 877]","[33, 755, 182, 877]"
502,16733.333333333336,2911,37919,false,389.6823,1262.0743,872.3920,0.40725353360176086,0.9282127022743225,"[45, 753, 194, 872]","[45, 753, 194, 872]"
503,16766.666666666664,137417,37910,false,346.9308,1249.3109,902.3801,0.30055421947901456,0.9248487949371338,"[54, 749, 203, 868]","[54, 749, 203, 868]"
504,16800.0,4977,GSTNO,false,485.8568,1517.4262,1031.5694,0.3786441683769226,0.9263439774513245,"[60, 747, 207, 866]","[60, 747, 207, 866]"
505,16833.333333333336,7931,82110,false,412.9747,1995.4839,1582.5092,0.20246544480323792,0.9184725284576416,"[72, 742, 218, 860]","[72, 742, 218, 860]"
506,16866.666666666668,2911,62910,false,452.1540,1417.5464,965.3924,0.16561465914249288,0.9306161999702454,"[81, 738, 225, 856]","[81, 738, 225, 856]"
507,16900.000000000004,2971,62910,false,413.1256,1582.7514,1169.6258,0.5588383674621582,0.9278392791748047,"[85, 738, 229, 855]","[85, 738, 229, 855]"
508,16933.333333333332,2911,12910,false,415.4911,1375.0670,959.5759,0.24388425647986317,0.923745334148407,"[100, 735, 242, 848]","[100, 735, 242, 848]"
509,16966.666666666668,2931,32910,false,439.5053,1595.1961,1155.6908,0.18573824140532252,0.9247180223464966,"[109, 731, 250, 843]","[109, 731, 250, 843]"
510,17000.0,49,12919,false,352.8798,1602.6357,1249.7559,0.44746652245521545,0.9199056029319763,"[110, 730, 254, 841]","[110, 730, 254, 841]"
511,17033.333333333336,2911,32910,false,431.7342,1358.9700,927.2358,0.23462883311209878,0.9203288555145264,"[125, 727, 264, 837]","[125, 727, 264, 837]"
512,17066.666666666668,291711,32919,false,481.2527,1369.3837,888.1310,0.12352133413733872,0.917858898639679,"[133, 724, 270, 833]","[133, 724, 270, 833]"
513,17100.0,2911,32919,false,435.4450,1382.1156,946.6706,0.11921178599302887,0.9175043106079102,"[137, 724, 273, 831]","[137, 724, 273, 831]"
514,17133.333333333332,2911,13919,false,511.9298,1501.7791,989.8493,0.3081974759072582,0.9264060854911804,"[147, 722, 284, 827]","[147, 722, 284, 827]"
515,17166.666666666668,29,13919,false,370.8857,1720.4371,1349.5514,0.7352822943050683,0.9253188967704773,"[156, 721, 289, 823]","[156, 721, 289, 823]"
516,17200.0,2961,32919,false,378.6355,1673.1883,1294.5528,0.30938897999029535,0.9258193969726562,"[159, 719, 292, 821]","[159, 719, 292, 821]"
517,17233.333333333336,29,32919,false,395.5497,1371.6057,976.0560,0.9232125878334045,0.9232125878334045,"[163, 718, 297, 819]","[163, 718, 297, 819]"
518,17266.666666666664,132419,32919,false,362.5579,1493.5013,1130.9434,0.42354630196274573,0.9265985488891602,"[173, 716, 305, 815]","[173, 716, 305, 815]"
519,17300.0,29K7,32919,false,364.8002,2741.3182,2376.5180,0.553037078760889,0.9174039959907532,"[177, 714, 308, 813]","[177, 714, 308, 813]"
520,17333.333333333336,132449,32919,false,413.5342,2156.6635,1743.1293,0.329193991847129,0.9289242029190063,"[187, 712, 313, 813]","[187, 712, 313, 813]"
521,17366.666666666668,29K1,32919,false,351.7584,1916.4690,1564.7106,0.32798047187578294,0.913349449634552,"[197, 710, 321, 809]","[197, 710, 321, 809]"
522,17400.000000000004,2911,32919,false,431.5493,1601.6727,1170.1234,0.6689422207329169,0.916332483291626,"[198, 710, 324, 807]","[198, 710, 324, 807]"
523,17433.333333333332,132449,32919,false,344.3145,1386.5399,1042.2254,0.565973684948491,0.917544960975647,"[204, 708, 329, 805]","[204, 708, 329, 805]"
524,17466.666666666668,13244,32919,false,400.5701,1605.5345,1204.9644,0.6607198898959952,0.927697479724884,"[211, 707, 338, 802]","[211, 707, 338, 802]"
525,17500.0,132449,32919,false,414.1536,1668.3138,1254.1602,0.5625343211893744,0.9270738959312439,"[214, 707, 340, 801]","[214, 707, 340, 801]"
526,17533.333333333336,2941,32919,false,408.0889,2478.9560,2070.8671,0.5383029394613239,0.917980432510376,"[224, 704, 346, 798]","[224, 704, 346, 798]"
527,17566.666666666668,2961,32919,false,556.8285,2668.5262,2111.6977,0.28603922607245036,0.9114711284637451,"[231, 700, 353, 793]","[231, 700, 353, 793]"
528,17600.0,12443,32919,false,364.9509,1735.4878,1370.5369,0.27526045585750286,0.9154682755470276,"[233, 699, 354, 792]","[233, 699, 354, 792]"
529,17633.333333333332,12443,32919,false,357.9652,2297.2883,1939.3231,0.5604889377301373,0.9138808250427246,"[237, 698, 358, 790]","[237, 698, 358, 790]"
530,17666.666666666668,29K1,32919,false,351.9234,1984.0889,1632.1655,0.2543013095855713,0.9102908968925476,"[242, 694, 364, 786]","[242, 694, 364, 786]"
531,17700.0,132449,32919,false,450.8383,1469.4963,1018.6580,0.3748825656715801,0.9130951762199402,"[243, 694, 366, 785]","[243, 694, 366, 785]"
532,17733.333333333336,2961,32919,false,379.0883,1483.4678,1104.3795,0.5070361495018005,0.9077966809272766,"[251, 693, 370, 784]","[251, 693, 370, 784]"
533,17766.666666666668,12443,32919,false,370.3809,1397.3671,1026.9862,0.3961865237636564,0.905558168888092,"[256, 691, 375, 782]","[256, 691, 375, 782]"
534,17800.0,132449,32919,false,363.7904,1637.9260,1274.1356,0.8529909681823853,0.9060956239700317,"[259, 691, 378, 780]","[259, 691, 378, 780]"
